utc,elapsed_s,phase,cpu_busy_pct,ram_used_kib,ram_total_kib,temp_c,cpu_freq_khz,load1,load5,load15,uptime_s,throttled_bits,curl_exit,http_code,health_valid,health_latency_s,camera_active,yolo_active,yolo_loading,detection_enabled,follow_enabled,service_uptime_s,container_id,container_state,container_health,restart_count,container_started_at,oom_killed
2026-09-28T00:11:26Z,1,detection_false,NA,957392,8255824,61.7,2400000,0.15,0.18,0.15,1065.14,0x50000,0,200,true,0.000854,true,true,false,false,false,1876.7,e5219652fb7bbb3a22df2ed2747a988fb69b6f33150958dcaee0ab8570e0cb01,running,healthy,0,2026-09-27T23:40:05.583388272Z,false
2026-09-28T00:11:31Z,6,detection_false,3.460,949568,8255824,59.5,1600000,0.14,0.18,0.15,1070.21,0x50000,0,200,true,0.001134,true,true,false,false,false,1881.7,e5219652fb7bbb3a22df2ed2747a988fb69b6f33150958dcaee0ab8570e0cb01,running,healthy,0,2026-09-27T23:40:05.583388272Z,false
2026-09-28T00:11:36Z,11,detection_false,4.099,934592,8255824,60.6,1600000,0.13,0.17,0.15,1075.29,0x50000,0,200,true,0.001093,true,true,false,false,false,1886.8,e5219652fb7bbb3a22df2ed2747a988fb69b6f33150958dcaee0ab8570e0cb01,running,healthy,0,2026-09-27T23:40:05.583388272Z,false
2026-09-28T00:11:41Z,16,detection_false,4.397,935200,8255824,61.15,1600000,0.12,0.17,0.14,1080.37,0x50000,0,200,true,0.001060,true,true,false,false,false,1891.9,e5219652fb7bbb3a22df2ed2747a988fb69b6f33150958dcaee0ab8570e0cb01,running,healthy,0,2026-09-27T23:40:05.583388272Z,false
2026-09-28T00:11:46Z,21,detection_false,3.103,923600,8255824,60.6,1500000,0.11,0.17,0.14,1085.46,0x50000,0,200,true,0.001162,true,true,false,false,false,1897.0,e5219652fb7bbb3a22df2ed2747a988fb69b6f33150958dcaee0ab8570e0cb01,running,healthy,0,2026-09-27T23:40:05.583388272Z,false
2026-09-28T00:11:51Z,26,detection_false,4.487,925440,8255824,60.6,1600000,0.10,0.16,0.14,1090.55,0x50000,0,200,true,0.001104,true,true,false,false,false,1902.1,e5219652fb7bbb3a22df2ed2747a988fb69b6f33150958dcaee0ab8570e0cb01,running,healthy,0,2026-09-27T23:40:05.583388272Z,false
2026-09-28T00:11:56Z,31,detection_false,4.736,917488,8255824,58.95,1600000,0.09,0.16,0.14,1095.64,0x50000,0,200,true,0.001274,true,true,false,false,false,1907.2,e5219652fb7bbb3a22df2ed2747a988fb69b6f33150958dcaee0ab8570e0cb01,running,healthy,0,2026-09-27T23:40:05.583388272Z,false
2026-09-28T00:12:01Z,36,detection_false,4.494,921728,8255824,60.05,1500000,0.08,0.16,0.14,1100.73,0x50000,0,200,true,0.002848,true,true,false,false,false,1912.3,e5219652fb7bbb3a22df2ed2747a988fb69b6f33150958dcaee0ab8570e0cb01,running,healthy,0,2026-09-27T23:40:05.583388272Z,false
2026-09-28T00:12:06Z,41,detection_false,4.519,919456,8255824,60.6,1600000,0.08,0.16,0.14,1105.82,0x50000,0,200,true,0.001056,true,true,false,false,false,1917.3,e5219652fb7bbb3a22df2ed2747a988fb69b6f33150958dcaee0ab8570e0cb01,running,healthy,0,2026-09-27T23:40:05.583388272Z,false
2026-09-28T00:12:11Z,46,detection_false,4.481,924720,8255824,59.5,1600000,0.15,0.17,0.14,1110.91,0x50000,0,200,true,0.001078,true,true,false,false,false,1922.4,e5219652fb7bbb3a22df2ed2747a988fb69b6f33150958dcaee0ab8570e0cb01,running,healthy,0,2026-09-27T23:40:05.583388272Z,false
2026-09-28T00:12:17Z,52,detection_false,4.474,917120,8255824,58.95,1600000,0.13,0.16,0.14,1115.99,0x50000,0,200,true,0.001056,true,true,false,false,false,1927.5,e5219652fb7bbb3a22df2ed2747a988fb69b6f33150958dcaee0ab8570e0cb01,running,healthy,0,2026-09-27T23:40:05.583388272Z,false
2026-09-28T00:12:22Z,57,detection_false,4.298,923232,8255824,60.05,1600000,0.12,0.16,0.14,1121.08,0x50000,0,200,true,0.001074,true,true,false,false,false,1932.6,e5219652fb7bbb3a22df2ed2747a988fb69b6f33150958dcaee0ab8570e0cb01,running,healthy,0,2026-09-27T23:40:05.583388272Z,false
2026-09-28T00:12:26Z,61,detection_true,NA,917440,8255824,60.05,1800000,0.12,0.16,0.14,1125.34,0x50000,0,200,true,0.000917,true,true,false,true,false,1936.9,e5219652fb7bbb3a22df2ed2747a988fb69b6f33150958dcaee0ab8570e0cb01,running,healthy,0,2026-09-27T23:40:05.583388272Z,false
2026-09-28T00:12:31Z,66,detection_true,58.818,1009808,8255824,65.55,2400000,0.35,0.21,0.16,1130.45,0x50000,0,200,true,0.001987,true,true,false,true,false,1942.0,e5219652fb7bbb3a22df2ed2747a988fb69b6f33150958dcaee0ab8570e0cb01,running,healthy,0,2026-09-27T23:40:05.583388272Z,false
2026-09-28T00:12:36Z,71,detection_true,56.825,987264,8255824,69.4,2400000,0.56,0.25,0.17,1135.56,0x50005,0,200,true,0.006619,true,true,false,true,false,1947.1,e5219652fb7bbb3a22df2ed2747a988fb69b6f33150958dcaee0ab8570e0cb01,running,healthy,0,2026-09-27T23:40:05.583388272Z,false
2026-09-28T00:12:41Z,76,detection_true,55.843,998560,8255824,71.05,2400000,0.68,0.28,0.18,1140.70,0x50005,0,200,true,0.003788,true,true,false,true,false,1952.2,e5219652fb7bbb3a22df2ed2747a988fb69b6f33150958dcaee0ab8570e0cb01,running,healthy,0,2026-09-27T23:40:05.583388272Z,false
2026-09-28T00:12:46Z,81,detection_true,56.185,1024704,8255824,69.4,2400000,0.62,0.28,0.18,1145.86,0x50000,0,200,true,0.000872,true,true,false,true,false,1957.4,e5219652fb7bbb3a22df2ed2747a988fb69b6f33150958dcaee0ab8570e0cb01,running,healthy,0,2026-09-27T23:40:05.583388272Z,false
2026-09-28T00:12:52Z,87,detection_true,54.766,1007040,8255824,72.15,2400000,0.89,0.34,0.20,1150.95,0x50000,0,200,true,0.004313,true,true,false,true,false,1962.5,e5219652fb7bbb3a22df2ed2747a988fb69b6f33150958dcaee0ab8570e0cb01,running,healthy,0,2026-09-27T23:40:05.583388272Z,false
2026-09-28T00:12:57Z,92,detection_true,55.237,1043312,8255824,72.15,2400000,1.29,0.45,0.24,1156.04,0x50005,0,200,true,0.001483,true,true,false,true,false,1967.6,e5219652fb7bbb3a22df2ed2747a988fb69b6f33150958dcaee0ab8570e0cb01,running,healthy,0,2026-09-27T23:40:05.583388272Z,false
2026-09-28T00:13:02Z,97,detection_true,56.185,1049808,8255824,73.8,2400000,1.59,0.52,0.26,1161.21,0x50000,0,200,true,0.001143,true,true,false,true,false,1972.8,e5219652fb7bbb3a22df2ed2747a988fb69b6f33150958dcaee0ab8570e0cb01,running,healthy,0,2026-09-27T23:40:05.583388272Z,false
2026-09-28T00:13:07Z,102,detection_true,55.258,1035600,8255824,72.15,2400000,1.78,0.58,0.28,1166.33,0x50005,0,200,true,0.001432,true,true,false,true,false,1977.9,e5219652fb7bbb3a22df2ed2747a988fb69b6f33150958dcaee0ab8570e0cb01,running,healthy,0,2026-09-27T23:40:05.583388272Z,false
2026-09-28T00:13:12Z,107,detection_true,55.388,1048832,8255824,74.35,2400000,1.64,0.57,0.28,1171.47,0x50005,0,200,true,0.001467,true,true,false,true,false,1983.0,e5219652fb7bbb3a22df2ed2747a988fb69b6f33150958dcaee0ab8570e0cb01,running,healthy,0,2026-09-27T23:40:05.583388272Z,false
2026-09-28T00:13:17Z,112,detection_true,55.858,1039232,8255824,73.25,2400000,1.75,0.61,0.30,1176.62,0x50000,0,200,true,0.001345,true,true,false,true,false,1988.2,e5219652fb7bbb3a22df2ed2747a988fb69b6f33150958dcaee0ab8570e0cb01,running,healthy,0,2026-09-27T23:40:05.583388272Z,false
2026-09-28T00:13:22Z,117,detection_true,55.751,1072544,8255824,74.9,2400000,1.85,0.65,0.31,1181.73,0x50000,0,200,true,0.001666,true,true,false,true,false,1993.3,e5219652fb7bbb3a22df2ed2747a988fb69b6f33150958dcaee0ab8570e0cb01,running,healthy,0,2026-09-27T23:40:05.583388272Z,false
