utc,request,curl_exit,http_code,health_valid,latency_s,transfer_elapsed_s
2026-09-28T00:48:36Z,1,0,200,true,0.000906,0.000906
2026-09-28T00:48:37Z,2,0,200,true,0.000828,0.000828
2026-09-28T00:48:38Z,3,0,200,true,0.000850,0.000850
2026-09-28T00:48:39Z,4,0,200,true,0.000826,0.000826
2026-09-28T00:48:40Z,5,0,200,true,0.000848,0.000848
2026-09-28T00:48:41Z,6,0,200,true,0.001091,0.001091
2026-09-28T00:48:42Z,7,0,200,true,0.001015,0.001015
2026-09-28T00:48:43Z,8,0,200,true,0.002085,0.002085
2026-09-28T00:48:44Z,9,0,200,true,0.001034,0.001034
2026-09-28T00:48:45Z,10,0,200,true,0.001014,0.001014
2026-09-28T00:48:46Z,11,0,200,true,0.001123,0.001123
2026-09-28T00:48:47Z,12,0,200,true,0.001095,0.001095
2026-09-28T00:48:48Z,13,0,200,true,0.001267,0.001267
2026-09-28T00:48:49Z,14,0,200,true,0.001127,0.001127
2026-09-28T00:48:50Z,15,0,200,true,0.001011,0.001011
2026-09-28T00:48:51Z,16,0,200,true,0.001085,0.001085
2026-09-28T00:48:53Z,17,0,200,true,0.001024,0.001024
2026-09-28T00:48:54Z,18,0,200,true,0.001427,0.001427
2026-09-28T00:48:55Z,19,0,200,true,0.001043,0.001043
2026-09-28T00:48:56Z,20,0,200,true,0.001004,0.001004
2026-09-28T00:48:57Z,21,0,200,true,0.001180,0.001180
2026-09-28T00:48:58Z,22,0,200,true,0.001027,0.001027
2026-09-28T00:48:59Z,23,0,200,true,0.002320,0.002320
2026-09-28T00:49:00Z,24,0,200,true,0.001107,0.001107
2026-09-28T00:49:01Z,25,0,200,true,0.001058,0.001058
2026-09-28T00:49:02Z,26,0,200,true,0.001063,0.001063
2026-09-28T00:49:03Z,27,0,200,true,0.001034,0.001034
2026-09-28T00:49:04Z,28,0,200,true,0.000997,0.000997
2026-09-28T00:49:05Z,29,0,200,true,0.001065,0.001065
2026-09-28T00:49:06Z,30,0,200,true,0.001027,0.001027
2026-09-28T00:49:07Z,31,0,200,true,0.001271,0.001271
2026-09-28T00:49:08Z,32,0,200,true,0.001050,0.001050
2026-09-28T00:49:09Z,33,0,200,true,0.001997,0.001997
2026-09-28T00:49:10Z,34,0,200,true,0.001055,0.001055
2026-09-28T00:49:11Z,35,0,200,true,0.001246,0.001246
2026-09-28T00:49:12Z,36,0,200,true,0.001086,0.001086
2026-09-28T00:49:14Z,37,0,200,true,0.001016,0.001016
2026-09-28T00:49:15Z,38,0,200,true,0.001001,0.001001
2026-09-28T00:49:16Z,39,0,200,true,0.001014,0.001014
2026-09-28T00:49:17Z,40,0,200,true,0.001019,0.001019
2026-09-28T00:49:18Z,41,0,200,true,0.001033,0.001033
2026-09-28T00:49:19Z,42,0,200,true,0.001045,0.001045
2026-09-28T00:49:20Z,43,0,200,true,0.001012,0.001012
2026-09-28T00:49:21Z,44,0,200,true,0.001051,0.001051
2026-09-28T00:49:22Z,45,0,200,true,0.001065,0.001065
2026-09-28T00:49:23Z,46,0,200,true,0.001253,0.001253
2026-09-28T00:49:24Z,47,0,200,true,0.001032,0.001032
2026-09-28T00:49:25Z,48,0,200,true,0.000994,0.000994
2026-09-28T00:49:26Z,49,0,200,true,0.001040,0.001040
2026-09-28T00:49:27Z,50,0,200,true,0.001084,0.001084
2026-09-28T00:49:28Z,51,0,200,true,0.002092,0.002092
2026-09-28T00:49:29Z,52,0,200,true,0.001073,0.001073
2026-09-28T00:49:30Z,53,0,200,true,0.001072,0.001072
2026-09-28T00:49:31Z,54,0,200,true,0.001094,0.001094
2026-09-28T00:49:32Z,55,0,200,true,0.001056,0.001056
2026-09-28T00:49:34Z,56,0,200,true,0.001013,0.001013
2026-09-28T00:49:35Z,57,0,200,true,0.001102,0.001102
2026-09-28T00:49:36Z,58,0,200,true,0.001098,0.001098
2026-09-28T00:49:37Z,59,0,200,true,0.001394,0.001394
2026-09-28T00:49:38Z,60,0,200,true,0.001123,0.001123
2026-09-28T00:49:39Z,61,0,200,true,0.001009,0.001009
2026-09-28T00:49:40Z,62,0,200,true,0.003715,0.003715
2026-09-28T00:49:41Z,63,0,200,true,0.001074,0.001074
2026-09-28T00:49:42Z,64,0,200,true,0.001040,0.001040
2026-09-28T00:49:43Z,65,0,200,true,0.001068,0.001068
2026-09-28T00:49:44Z,66,0,200,true,0.001069,0.001069
2026-09-28T00:49:45Z,67,0,200,true,0.001271,0.001271
2026-09-28T00:49:46Z,68,0,200,true,0.001097,0.001097
2026-09-28T00:49:47Z,69,0,200,true,0.000967,0.000967
2026-09-28T00:49:48Z,70,0,200,true,0.001098,0.001098
2026-09-28T00:49:49Z,71,0,200,true,0.001005,0.001005
2026-09-28T00:49:50Z,72,0,200,true,0.001086,0.001086
2026-09-28T00:49:51Z,73,0,200,true,0.001044,0.001044
2026-09-28T00:49:52Z,74,0,200,true,0.002096,0.002096
2026-09-28T00:49:53Z,75,0,200,true,0.001024,0.001024
2026-09-28T00:49:55Z,76,0,200,true,0.001061,0.001061
2026-09-28T00:49:56Z,77,0,200,true,0.001052,0.001052
2026-09-28T00:49:57Z,78,0,200,true,0.001081,0.001081
2026-09-28T00:49:58Z,79,0,200,true,0.000973,0.000973
2026-09-28T00:49:59Z,80,0,200,true,0.001065,0.001065
2026-09-28T00:50:00Z,81,0,200,true,0.001030,0.001030
2026-09-28T00:50:01Z,82,0,200,true,0.001092,0.001092
2026-09-28T00:50:02Z,83,0,200,true,0.001317,0.001317
2026-09-28T00:50:03Z,84,0,200,true,0.001089,0.001089
2026-09-28T00:50:04Z,85,0,200,true,0.001768,0.001768
2026-09-28T00:50:05Z,86,0,200,true,0.000995,0.000995
2026-09-28T00:50:06Z,87,0,200,true,0.001029,0.001029
2026-09-28T00:50:07Z,88,0,200,true,0.001071,0.001071
2026-09-28T00:50:08Z,89,0,200,true,0.001176,0.001176
2026-09-28T00:50:09Z,90,0,200,true,0.001055,0.001055
2026-09-28T00:50:10Z,91,0,200,true,0.001131,0.001131
2026-09-28T00:50:11Z,92,0,200,true,0.001078,0.001078
2026-09-28T00:50:12Z,93,0,200,true,0.001087,0.001087
2026-09-28T00:50:13Z,94,0,200,true,0.001099,0.001099
2026-09-28T00:50:14Z,95,0,200,true,0.001076,0.001076
2026-09-28T00:50:16Z,96,0,200,true,0.001030,0.001030
2026-09-28T00:50:17Z,97,0,200,true,0.001029,0.001029
2026-09-28T00:50:18Z,98,0,200,true,0.001020,0.001020
2026-09-28T00:50:19Z,99,0,200,true,0.001018,0.001018
2026-09-28T00:50:20Z,100,0,200,true,0.001084,0.001084
