sequence,repeat,position,script,start_utc,end_utc,exit_code
1,1,1,follow_benchmark.sh,2026-09-27T23:55:39Z,2026-09-27T23:56:40Z,0
2,1,2,api_latency.sh,2026-09-27T23:57:40Z,2026-09-27T23:59:25Z,0
3,1,3,endurance_test.sh,2026-09-28T00:00:25Z,2026-09-28T00:10:25Z,0
4,1,4,detection_benchmark.sh,2026-09-28T00:11:25Z,2026-09-28T00:13:26Z,0
5,1,5,idle_stability.sh,2026-09-28T00:14:26Z,2026-09-28T00:19:28Z,0
6,1,6,stream_stability.sh,2026-09-28T00:20:28Z,2026-09-28T00:21:28Z,0
7,1,7,system_baseline.sh,2026-09-28T00:22:28Z,2026-09-28T00:22:30Z,0
8,2,1,stream_stability.sh,2026-09-28T00:23:30Z,2026-09-28T00:24:30Z,0
9,2,2,detection_benchmark.sh,2026-09-28T00:25:30Z,2026-09-28T00:27:31Z,0
10,2,3,idle_stability.sh,2026-09-28T00:28:31Z,2026-09-28T00:33:32Z,0
11,2,4,endurance_test.sh,2026-09-28T00:34:32Z,2026-09-28T00:44:33Z,0
12,2,5,system_baseline.sh,2026-09-28T00:45:33Z,2026-09-28T00:45:35Z,0
13,2,6,follow_benchmark.sh,2026-09-28T00:46:35Z,2026-09-28T00:47:35Z,0
14,2,7,api_latency.sh,2026-09-28T00:48:35Z,2026-09-28T00:50:20Z,0
15,3,1,stream_stability.sh,2026-09-28T00:51:20Z,2026-09-28T00:52:20Z,0
16,3,2,follow_benchmark.sh,2026-09-28T00:53:20Z,2026-09-28T00:54:21Z,0
17,3,3,detection_benchmark.sh,2026-09-28T00:55:21Z,2026-09-28T00:57:21Z,0
18,3,4,idle_stability.sh,2026-09-28T00:58:21Z,2026-09-28T01:03:22Z,0
19,3,5,system_baseline.sh,2026-09-28T01:04:22Z,2026-09-28T01:04:24Z,0
20,3,6,endurance_test.sh,2026-09-28T01:05:24Z,2026-09-28T01:15:24Z,0
21,3,7,api_latency.sh,2026-09-28T01:16:24Z,2026-09-28T01:18:09Z,0
22,4,1,system_baseline.sh,2026-09-28T01:19:09Z,2026-09-28T01:19:10Z,0
23,4,2,idle_stability.sh,2026-09-28T01:20:10Z,2026-09-28T01:25:11Z,0
24,4,3,follow_benchmark.sh,2026-09-28T01:26:11Z,2026-09-28T01:27:12Z,0
25,4,4,detection_benchmark.sh,2026-09-28T01:28:12Z,2026-09-28T01:30:13Z,0
26,4,5,endurance_test.sh,2026-09-28T01:31:13Z,2026-09-28T01:41:14Z,0
27,4,6,stream_stability.sh,2026-09-28T01:42:14Z,2026-09-28T01:43:14Z,0
28,4,7,api_latency.sh,2026-09-28T01:44:14Z,2026-09-28T01:45:59Z,0
